{
	"method":"thresholds selected on dev by precision target, evaluated on test",
	"targets":{
		"middle_precision_target":0.9,
		"high_precision_target":0.95
	},
	"middle_risk":{
		"threshold":1.609375,
		"dev_metrics":{
			"threshold":1.609375,
			"auc_roc":0.9301428571428572,
			"mcc":0.6753793418488585,
			"f1":0.8174726989079563,
			"precision_machine":0.9003436426116839,
			"recall_machine":0.7485714285714286,
			"specificity_human":0.9171428571428571,
			"npv_human":0.784841075794621,
			"accuracy":0.8328571428571429,
			"balanced_accuracy":0.8328571428571429,
			"fpr":0.08285714285714285,
			"fnr":0.25142857142857145,
			"confusion":{
				"tp":262,
				"fp":29,
				"tn":321,
				"fn":88
			}
		},
		"test_metrics":{
			"threshold":1.609375,
			"auc_roc":0.9299551020408163,
			"mcc":0.6579875991403041,
			"f1":0.8081123244929798,
			"precision_machine":0.8900343642611683,
			"recall_machine":0.74,
			"specificity_human":0.9085714285714286,
			"npv_human":0.7775061124694377,
			"accuracy":0.8242857142857143,
			"balanced_accuracy":0.8242857142857143,
			"fpr":0.09142857142857143,
			"fnr":0.26,
			"confusion":{
				"tp":259,
				"fp":32,
				"tn":318,
				"fn":91
			}
		}
	},
	"high_risk":{
		"threshold":2.203125,
		"dev_metrics":{
			"threshold":2.203125,
			"auc_roc":0.9301428571428572,
			"mcc":0.5341254530311338,
			"f1":0.650375939849624,
			"precision_machine":0.9505494505494505,
			"recall_machine":0.4942857142857143,
			"specificity_human":0.9742857142857143,
			"npv_human":0.6583011583011583,
			"accuracy":0.7342857142857143,
			"balanced_accuracy":0.7342857142857143,
			"fpr":0.025714285714285714,
			"fnr":0.5057142857142857,
			"confusion":{
				"tp":173,
				"fp":9,
				"tn":341,
				"fn":177
			}
		},
		"test_metrics":{
			"threshold":2.203125,
			"auc_roc":0.9299551020408163,
			"mcc":0.5520985729238927,
			"f1":0.6666666666666666,
			"precision_machine":0.9572192513368984,
			"recall_machine":0.5114285714285715,
			"specificity_human":0.9771428571428571,
			"npv_human":0.6666666666666666,
			"accuracy":0.7442857142857143,
			"balanced_accuracy":0.7442857142857142,
			"fpr":0.022857142857142857,
			"fnr":0.48857142857142855,
			"confusion":{
				"tp":179,
				"fp":8,
				"tn":342,
				"fn":171
			}
		}
	}
}